T2M,RH2M,WS2M,PRECTOTCORR,Date
25.22,37.31,1.14,0.0,2024-10-20 00:00:00
24.46,39.12,1.12,0.0,2024-10-20 01:00:00
23.68,41.12,1.11,0.0,2024-10-20 02:00:00
23.18,42.56,1.09,0.0,2024-10-20 03:00:00
23.09,42.88,1.06,0.0,2024-10-20 04:00:00
23.13,42.75,0.98,0.0,2024-10-20 05:00:00
23.14,42.69,0.91,0.0,2024-10-20 06:00:00
24.73,38.62,0.91,0.0,2024-10-20 07:00:00
27.15,33.12,1.68,0.0,2024-10-20 08:00:00
31.01,27.0,1.19,0.0,2024-10-20 09:00:00
34.05,22.69,1.81,0.0,2024-10-20 10:00:00
35.43,20.62,1.9,0.0,2024-10-20 11:00:00
36.23,19.31,1.8,0.0,2024-10-20 12:00:00
36.48,18.81,1.6,0.0,2024-10-20 13:00:00
35.99,19.38,1.17,0.0,2024-10-20 14:00:00
35.33,20.5,0.73,0.0,2024-10-20 15:00:00
34.24,22.56,0.62,0.0,2024-10-20 16:00:00
31.84,26.06,0.77,0.0,2024-10-20 17:00:00
30.05,28.81,1.0,0.0,2024-10-20 18:00:00
28.83,30.69,1.05,0.0,2024-10-20 19:00:00
28.08,31.62,1.07,0.0,2024-10-20 20:00:00
27.65,31.88,1.07,0.0,2024-10-20 21:00:00
27.43,31.88,1.01,0.0,2024-10-20 22:00:00
27.18,32.12,0.91,0.0,2024-10-20 23:00:00
26.74,32.81,0.87,0.0,2024-10-21 00:00:00
25.97,34.38,0.93,0.0,2024-10-21 01:00:00
25.08,36.38,0.99,0.0,2024-10-21 02:00:00
24.39,37.94,1.0,0.0,2024-10-21 03:00:00
23.84,39.19,0.99,0.0,2024-10-21 04:00:00
23.39,40.38,0.96,0.0,2024-10-21 05:00:00
23.07,41.19,0.93,0.0,2024-10-21 06:00:00
24.47,37.94,0.96,0.0,2024-10-21 07:00:00
26.68,33.31,1.31,0.0,2024-10-21 08:00:00
30.44,27.81,0.87,0.0,2024-10-21 09:00:00
33.65,25.19,0.85,0.0,2024-10-21 10:00:00
35.05,23.69,0.86,0.0,2024-10-21 11:00:00
35.98,22.38,0.87,0.0,2024-10-21 12:00:00
36.46,21.44,0.93,0.0,2024-10-21 13:00:00
36.57,20.75,0.98,0.0,2024-10-21 14:00:00
36.07,20.75,1.01,0.0,2024-10-21 15:00:00
34.94,21.81,0.88,0.0,2024-10-21 16:00:00
32.62,25.06,0.64,0.0,2024-10-21 17:00:00
31.4,26.75,0.63,0.0,2024-10-21 18:00:00
30.58,28.25,0.51,0.0,2024-10-21 19:00:00
30.19,29.06,0.44,0.0,2024-10-21 20:00:00
29.63,29.88,0.35,0.0,2024-10-21 21:00:00
28.94,31.06,0.3,0.0,2024-10-21 22:00:00
28.17,32.5,0.36,0.0,2024-10-21 23:00:00
27.18,34.38,0.46,0.0,2024-10-22 00:00:00
25.98,36.88,0.56,0.0,2024-10-22 01:00:00
25.29,38.56,0.73,0.0,2024-10-22 02:00:00
24.44,40.81,0.84,0.0,2024-10-22 03:00:00
23.73,43.0,0.91,0.0,2024-10-22 04:00:00
23.07,45.31,0.96,0.0,2024-10-22 05:00:00
22.5,47.56,0.99,0.0,2024-10-22 06:00:00
23.96,44.12,1.03,0.0,2024-10-22 07:00:00
26.5,38.25,1.83,0.0,2024-10-22 08:00:00
30.38,29.0,1.81,0.0,2024-10-22 09:00:00
33.86,22.12,1.85,0.0,2024-10-22 10:00:00
34.9,20.25,1.7,0.0,2024-10-22 11:00:00
35.64,19.06,1.52,0.0,2024-10-22 12:00:00
35.93,18.31,1.32,0.0,2024-10-22 13:00:00
35.92,18.06,1.09,0.0,2024-10-22 14:00:00
35.29,18.75,0.82,0.0,2024-10-22 15:00:00
34.12,20.81,0.43,0.0,2024-10-22 16:00:00
32.51,22.94,0.23,0.0,2024-10-22 17:00:00
31.33,23.94,0.42,0.0,2024-10-22 18:00:00
30.24,25.69,0.65,0.0,2024-10-22 19:00:00
29.02,27.5,0.75,0.0,2024-10-22 20:00:00
28.3,28.75,0.88,0.0,2024-10-22 21:00:00
27.39,30.38,0.94,0.0,2024-10-22 22:00:00
26.4,32.31,0.97,0.0,2024-10-22 23:00:00
25.36,34.69,1.0,0.0,2024-10-23 00:00:00
24.3,37.44,1.01,0.0,2024-10-23 01:00:00
23.59,39.94,1.04,0.0,2024-10-23 02:00:00
23.12,42.19,1.07,0.0,2024-10-23 03:00:00
22.77,44.38,1.09,0.0,2024-10-23 04:00:00
22.46,46.69,1.08,0.0,2024-10-23 05:00:00
22.22,48.88,1.07,0.0,2024-10-23 06:00:00
24.17,44.62,1.23,0.0,2024-10-23 07:00:00
26.7,39.25,2.12,0.0,2024-10-23 08:00:00
30.44,30.5,1.04,0.0,2024-10-23 09:00:00
33.28,25.25,0.14,0.0,2024-10-23 10:00:00
34.51,22.81,0.57,0.0,2024-10-23 11:00:00
35.32,21.19,1.12,0.0,2024-10-23 12:00:00
35.59,20.44,1.48,0.0,2024-10-23 13:00:00
35.34,20.38,1.64,0.0,2024-10-23 14:00:00
34.68,21.0,1.57,0.0,2024-10-23 15:00:00
33.42,22.62,1.08,0.0,2024-10-23 16:00:00
30.81,26.38,0.81,0.0,2024-10-23 17:00:00
29.29,28.94,0.96,0.0,2024-10-23 18:00:00
27.77,31.88,1.04,0.0,2024-10-23 19:00:00
26.52,34.94,1.1,0.0,2024-10-23 20:00:00
25.7,37.62,1.24,0.0,2024-10-23 21:00:00
25.13,40.06,1.39,0.0,2024-10-23 22:00:00
24.58,42.25,1.53,0.0,2024-10-23 23:00:00
24.09,43.88,1.6,0.0,2024-10-24 00:00:00
23.61,45.44,1.64,0.0,2024-10-24 01:00:00
23.19,46.56,1.6,0.0,2024-10-24 02:00:00
22.67,48.06,1.47,0.0,2024-10-24 03:00:00
22.3,49.12,1.35,0.0,2024-10-24 04:00:00
21.94,50.19,1.26,0.0,2024-10-24 05:00:00
21.69,51.0,1.24,0.0,2024-10-24 06:00:00
23.59,45.69,2.19,0.0,2024-10-24 07:00:00
25.91,40.19,2.37,0.0,2024-10-24 08:00:00
29.88,32.44,2.39,0.0,2024-10-24 09:00:00
32.5,27.75,2.68,0.0,2024-10-24 10:00:00
35.37,23.19,2.76,0.0,2024-10-24 12:00:00
35.96,21.81,2.75,0.0,2024-10-24 13:00:00
35.94,21.19,2.7,0.0,2024-10-24 14:00:00
35.5,21.12,2.37,0.0,2024-10-24 15:00:00
34.44,21.94,1.77,0.0,2024-10-24 16:00:00
31.26,26.19,0.85,0.0,2024-10-24 17:00:00
30.05,27.88,0.88,0.0,2024-10-24 18:00:00
29.23,29.25,0.87,0.0,2024-10-24 19:00:00
27.98,31.38,1.0,0.0,2024-10-24 20:00:00
26.48,34.06,1.13,0.0,2024-10-24 21:00:00
25.07,36.81,1.21,0.0,2024-10-24 22:00:00
24.35,38.06,1.39,0.0,2024-10-24 23:00:00
23.82,39.0,1.64,0.0,2024-10-25 00:00:00
23.42,39.62,1.84,0.0,2024-10-25 01:00:00
22.87,40.69,1.8,0.0,2024-10-25 02:00:00
22.26,42.12,1.67,0.0,2024-10-25 03:00:00
21.8,43.19,1.53,0.0,2024-10-25 04:00:00
21.43,44.0,1.36,0.0,2024-10-25 05:00:00
21.3,44.31,1.28,0.0,2024-10-25 06:00:00
23.94,37.88,1.89,0.0,2024-10-25 07:00:00
27.09,31.5,2.43,0.0,2024-10-25 08:00:00
31.9,23.81,1.73,0.0,2024-10-25 09:00:00
35.3,19.25,1.54,0.0,2024-10-25 10:00:00
36.73,17.38,1.71,0.0,2024-10-25 11:00:00
37.62,16.38,1.88,0.0,2024-10-25 12:00:00
37.98,16.0,1.99,0.0,2024-10-25 13:00:00
37.85,15.94,2.03,0.0,2024-10-25 14:00:00
37.16,16.44,1.99,0.0,2024-10-25 15:00:00
35.75,17.88,1.57,0.0,2024-10-25 16:00:00
31.81,22.69,1.0,0.0,2024-10-25 17:00:00
29.9,25.0,1.14,0.0,2024-10-25 18:00:00
28.88,26.44,1.13,0.0,2024-10-25 19:00:00
27.97,27.56,1.13,0.0,2024-10-25 20:00:00
27.1,28.44,1.15,0.0,2024-10-25 21:00:00
26.09,29.38,1.2,0.0,2024-10-25 22:00:00
25.26,29.88,1.28,0.0,2024-10-25 23:00:00
24.65,30.0,1.35,0.0,2024-10-26 00:00:00
24.21,29.88,1.36,0.0,2024-10-26 01:00:00
23.84,29.81,1.28,0.0,2024-10-26 02:00:00
23.53,29.75,1.2,0.0,2024-10-26 03:00:00
23.22,29.69,1.15,0.0,2024-10-26 04:00:00
22.97,29.75,1.09,0.0,2024-10-26 05:00:00
22.62,30.12,1.03,0.0,2024-10-26 06:00:00
24.53,26.81,1.32,0.0,2024-10-26 07:00:00
27.23,23.19,2.13,0.0,2024-10-26 08:00:00
31.37,23.19,2.63,0.0,2024-10-26 09:00:00
38.23,17.06,2.5,0.0,2024-10-26 13:00:00
38.18,16.56,2.1,0.0,2024-10-26 14:00:00
37.6,16.56,1.63,0.0,2024-10-26 15:00:00
36.15,17.94,1.0,0.0,2024-10-26 16:00:00
33.27,21.0,0.82,0.0,2024-10-26 17:00:00
31.94,22.38,0.83,0.0,2024-10-26 18:00:00
31.01,23.56,0.64,0.0,2024-10-26 19:00:00
30.84,23.75,0.54,0.0,2024-10-26 20:00:00
30.07,24.75,0.52,0.0,2024-10-26 21:00:00
28.97,26.31,0.68,0.0,2024-10-26 22:00:00
28.01,27.56,0.89,0.0,2024-10-26 23:00:00
27.02,28.69,1.02,0.0,2024-10-27 00:00:00
26.22,29.56,1.08,0.0,2024-10-27 01:00:00
25.54,30.12,1.09,0.0,2024-10-27 02:00:00
24.73,30.94,1.11,0.0,2024-10-27 03:00:00
23.8,32.06,1.09,0.0,2024-10-27 04:00:00
22.99,33.06,1.06,0.0,2024-10-27 05:00:00
22.24,34.12,1.03,0.0,2024-10-27 06:00:00
24.06,30.56,1.41,0.0,2024-10-27 07:00:00
26.84,26.06,2.2,0.0,2024-10-27 08:00:00
30.9,22.19,1.33,0.0,2024-10-27 09:00:00
34.49,19.56,0.96,0.0,2024-10-27 10:00:00
36.21,17.81,1.04,0.0,2024-10-27 11:00:00
37.37,16.69,1.23,0.0,2024-10-27 12:00:00
38.03,16.12,1.41,0.0,2024-10-27 13:00:00
38.0,16.31,1.49,0.0,2024-10-27 14:00:00
37.37,17.38,1.53,0.0,2024-10-27 15:00:00
35.79,19.75,0.96,0.0,2024-10-27 16:00:00
33.05,23.06,0.9,0.0,2024-10-27 17:00:00
32.23,24.31,0.86,0.0,2024-10-27 18:00:00
31.8,25.12,0.67,0.0,2024-10-27 19:00:00
31.66,25.5,0.48,0.0,2024-10-27 20:00:00
31.04,26.38,0.29,0.0,2024-10-27 21:00:00
30.37,27.5,0.2,0.0,2024-10-27 22:00:00
29.62,28.75,0.21,0.0,2024-10-27 23:00:00
28.8,30.12,0.27,0.0,2024-10-28 00:00:00
27.73,31.88,0.53,0.0,2024-10-28 01:00:00
26.15,34.88,0.88,0.0,2024-10-28 02:00:00
24.49,38.25,1.06,0.0,2024-10-28 03:00:00
23.51,40.0,1.16,0.0,2024-10-28 04:00:00
22.95,40.62,1.28,0.0,2024-10-28 05:00:00
22.5,41.0,1.28,0.0,2024-10-28 06:00:00
24.21,36.44,1.96,0.0,2024-10-28 07:00:00
26.43,31.88,2.18,0.0,2024-10-28 08:00:00
30.08,26.75,1.76,0.0,2024-10-28 09:00:00
33.75,25.88,2.33,0.0,2024-10-28 10:00:00
35.09,25.12,2.43,0.0,2024-10-28 11:00:00
36.04,23.56,2.4,0.0,2024-10-28 12:00:00
36.53,22.44,2.35,0.0,2024-10-28 13:00:00
36.65,21.75,2.07,0.0,2024-10-28 14:00:00
36.26,21.75,1.74,0.0,2024-10-28 15:00:00
34.83,23.38,0.9,0.0,2024-10-28 16:00:00
32.18,27.0,0.94,0.0,2024-10-28 17:00:00
30.01,30.44,1.13,0.0,2024-10-28 18:00:00
28.86,32.38,1.31,0.0,2024-10-28 19:00:00
28.16,33.38,1.63,0.0,2024-10-28 20:00:00
27.59,34.38,1.89,0.0,2024-10-28 21:00:00
26.83,35.81,1.93,0.0,2024-10-28 22:00:00
26.01,37.69,1.82,0.0,2024-10-28 23:00:00
25.31,39.5,1.73,0.0,2024-10-29 00:00:00
24.62,41.88,1.7,0.0,2024-10-29 01:00:00
23.98,44.81,1.61,0.0,2024-10-29 02:00:00
23.31,48.31,1.45,0.0,2024-10-29 03:00:00
22.68,51.88,1.29,0.0,2024-10-29 04:00:00
22.12,55.25,1.13,0.0,2024-10-29 05:00:00
21.63,58.31,0.99,0.0,2024-10-29 06:00:00
23.14,54.38,1.71,0.0,2024-10-29 07:00:00
25.31,48.38,1.96,0.0,2024-10-29 08:00:00
29.16,38.06,1.64,0.0,2024-10-29 09:00:00
33.96,25.5,1.82,0.0,2024-10-29 10:00:00
35.49,22.0,1.96,0.0,2024-10-29 11:00:00
36.28,20.5,1.91,0.0,2024-10-29 12:00:00
36.6,19.69,1.82,0.0,2024-10-29 13:00:00
36.59,19.31,1.57,0.0,2024-10-29 14:00:00
36.06,19.5,1.18,0.0,2024-10-29 15:00:00
34.78,21.19,0.42,0.0,2024-10-29 16:00:00
33.2,22.81,0.32,0.0,2024-10-29 17:00:00
31.17,25.69,0.88,0.0,2024-10-29 18:00:00
29.19,29.25,1.13,0.0,2024-10-29 19:00:00
27.73,32.31,1.18,0.0,2024-10-29 20:00:00
26.82,34.44,1.25,0.0,2024-10-29 21:00:00
26.18,36.06,1.35,0.0,2024-10-29 22:00:00
25.59,37.5,1.42,0.0,2024-10-29 23:00:00
25.07,38.81,1.46,0.0,2024-10-30 00:00:00
24.59,40.06,1.43,0.0,2024-10-30 01:00:00
24.1,41.31,1.38,0.0,2024-10-30 02:00:00
23.51,42.88,1.34,0.0,2024-10-30 03:00:00
22.98,44.06,1.29,0.0,2024-10-30 04:00:00
22.37,45.38,1.21,0.0,2024-10-30 05:00:00
21.83,46.25,1.17,0.0,2024-10-30 06:00:00
23.09,42.0,1.88,0.0,2024-10-30 07:00:00
25.14,36.38,2.44,0.0,2024-10-30 08:00:00
28.58,29.69,1.59,0.0,2024-10-30 09:00:00
31.77,25.25,0.52,0.0,2024-10-30 10:00:00
33.74,22.75,0.45,0.0,2024-10-30 11:00:00
34.68,21.88,0.73,0.0,2024-10-30 12:00:00
35.04,21.69,0.93,0.0,2024-10-30 13:00:00
34.84,22.0,0.98,0.0,2024-10-30 14:00:00
34.29,22.62,0.94,0.0,2024-10-30 15:00:00
33.05,24.19,0.66,0.0,2024-10-30 16:00:00
30.83,27.5,0.77,0.0,2024-10-30 17:00:00
29.42,29.94,0.94,0.0,2024-10-30 18:00:00
28.33,31.94,1.04,0.0,2024-10-30 19:00:00
27.23,34.06,1.08,0.0,2024-10-30 20:00:00
26.19,36.19,1.1,0.0,2024-10-30 21:00:00
25.33,38.0,1.15,0.0,2024-10-30 22:00:00
24.58,39.69,1.21,0.0,2024-10-30 23:00:00
23.9,41.31,1.29,0.0,2024-10-31 00:00:00
23.3,42.88,1.43,0.0,2024-10-31 01:00:00
22.8,44.06,1.54,0.0,2024-10-31 02:00:00
22.34,45.12,1.62,0.0,2024-10-31 03:00:00
21.9,46.19,1.64,0.0,2024-10-31 04:00:00
21.45,47.25,1.61,0.0,2024-10-31 05:00:00
21.05,48.25,1.48,0.0,2024-10-31 06:00:00
22.81,43.19,1.59,0.0,2024-10-31 07:00:00
26.0,35.69,2.7,0.0,2024-10-31 08:00:00
29.66,28.38,2.23,0.0,2024-10-31 09:00:00
32.92,21.38,2.15,0.0,2024-10-31 10:00:00
34.51,17.44,2.29,0.0,2024-10-31 11:00:00
35.5,15.06,2.47,0.0,2024-10-31 12:00:00
35.98,13.62,2.53,0.0,2024-10-31 13:00:00
35.83,13.0,2.47,0.0,2024-10-31 14:00:00
35.25,12.94,2.33,0.0,2024-10-31 15:00:00
33.57,14.31,1.52,0.0,2024-10-31 16:00:00
29.19,18.75,1.14,0.0,2024-10-31 17:00:00
27.16,20.88,1.27,0.0,2024-10-31 18:00:00
25.94,22.5,1.33,0.0,2024-10-31 19:00:00
24.96,23.81,1.4,0.0,2024-10-31 20:00:00
24.12,24.94,1.48,0.0,2024-10-31 21:00:00
23.33,25.94,1.5,0.0,2024-10-31 22:00:00
22.56,27.0,1.56,0.0,2024-10-31 23:00:00
21.86,28.06,1.64,0.0,2024-11-01 00:00:00
21.18,29.19,1.69,0.0,2024-11-01 01:00:00
20.55,30.38,1.71,0.0,2024-11-01 02:00:00
19.99,31.62,1.7,0.0,2024-11-01 03:00:00
19.57,32.56,1.66,0.0,2024-11-01 04:00:00
19.15,33.56,1.57,0.0,2024-11-01 05:00:00
18.8,34.69,1.5,0.0,2024-11-01 06:00:00
21.06,30.56,1.9,0.0,2024-11-01 07:00:00
24.42,25.31,2.54,0.0,2024-11-01 08:00:00
28.73,19.56,2.02,0.0,2024-11-01 09:00:00
33.09,14.81,2.75,0.0,2024-11-01 10:00:00
36.58,11.5,2.73,0.0,2024-11-01 13:00:00
36.53,11.25,2.5,0.0,2024-11-01 14:00:00
35.74,11.69,2.26,0.0,2024-11-01 15:00:00
33.55,13.56,1.25,0.0,2024-11-01 16:00:00
29.25,17.56,1.14,0.0,2024-11-01 17:00:00
27.4,19.25,1.23,0.0,2024-11-01 18:00:00
26.4,20.44,1.22,0.0,2024-11-01 19:00:00
25.78,21.19,1.21,0.0,2024-11-01 20:00:00
25.33,21.69,1.16,0.0,2024-11-01 21:00:00
24.78,22.25,1.12,0.0,2024-11-01 22:00:00
24.08,23.06,1.11,0.0,2024-11-01 23:00:00
23.38,24.0,1.12,0.0,2024-11-02 00:00:00
22.44,25.25,1.14,0.0,2024-11-02 01:00:00
21.57,26.62,1.2,0.0,2024-11-02 02:00:00
20.73,27.88,1.26,0.0,2024-11-02 03:00:00
20.02,28.88,1.26,0.0,2024-11-02 04:00:00
19.61,29.25,1.25,0.0,2024-11-02 05:00:00
19.42,29.25,1.2,0.0,2024-11-02 06:00:00
20.76,26.69,0.9,0.0,2024-11-02 07:00:00
24.16,21.5,1.27,0.0,2024-11-02 08:00:00
28.06,18.0,0.05,0.0,2024-11-02 09:00:00
32.12,15.06,1.16,0.0,2024-11-02 10:00:00
33.98,13.19,1.26,0.0,2024-11-02 11:00:00
35.12,11.88,1.3,0.0,2024-11-02 12:00:00
35.76,11.0,1.24,0.0,2024-11-02 13:00:00
35.77,10.69,1.15,0.0,2024-11-02 14:00:00
35.11,10.81,0.95,0.0,2024-11-02 15:00:00
33.16,13.19,0.51,0.0,2024-11-02 16:00:00
30.51,14.81,0.7,0.0,2024-11-02 17:00:00
29.13,15.81,0.78,0.0,2024-11-02 18:00:00
28.25,16.62,0.72,0.0,2024-11-02 19:00:00
27.23,17.62,0.62,0.0,2024-11-02 20:00:00
27.0,17.88,0.57,0.0,2024-11-02 21:00:00
26.55,18.25,0.37,0.0,2024-11-02 22:00:00
25.86,18.88,0.27,0.0,2024-11-02 23:00:00
24.31,20.69,0.6,0.0,2024-11-03 00:00:00
22.86,22.56,0.92,0.0,2024-11-03 01:00:00
21.44,24.44,1.09,0.0,2024-11-03 02:00:00
20.26,26.19,1.17,0.0,2024-11-03 03:00:00
19.94,26.56,1.17,0.0,2024-11-03 04:00:00
19.3,27.69,1.21,0.0,2024-11-03 05:00:00
18.6,29.06,1.23,0.0,2024-11-03 06:00:00
19.99,26.94,1.09,0.0,2024-11-03 07:00:00
27.35,17.81,1.58,0.0,2024-11-03 09:00:00
31.99,14.06,0.6,0.0,2024-11-03 10:00:00
33.76,12.69,0.49,0.0,2024-11-03 11:00:00
34.8,11.88,0.61,0.0,2024-11-03 12:00:00
35.3,11.56,0.8,0.0,2024-11-03 13:00:00
35.13,11.69,0.88,0.0,2024-11-03 14:00:00
34.48,12.25,0.85,0.0,2024-11-03 15:00:00
32.39,15.06,0.53,0.0,2024-11-03 16:00:00
29.91,16.81,0.8,0.0,2024-11-03 17:00:00
28.64,17.88,0.87,0.0,2024-11-03 18:00:00
27.8,19.0,0.86,0.0,2024-11-03 19:00:00
27.06,20.06,0.83,0.0,2024-11-03 20:00:00
26.26,21.25,0.87,0.0,2024-11-03 21:00:00
25.25,22.75,0.97,0.0,2024-11-03 22:00:00
23.9,24.81,1.12,0.0,2024-11-03 23:00:00
22.51,27.25,1.21,0.0,2024-11-04 00:00:00
21.46,29.12,1.26,0.0,2024-11-04 01:00:00
20.7,30.5,1.29,0.0,2024-11-04 02:00:00
20.1,31.38,1.3,0.0,2024-11-04 03:00:00
19.65,31.88,1.28,0.0,2024-11-04 04:00:00
19.3,32.19,1.24,0.0,2024-11-04 05:00:00
18.97,32.62,1.19,0.0,2024-11-04 06:00:00
20.32,29.94,1.11,0.0,2024-11-04 07:00:00
23.65,24.5,2.31,0.0,2024-11-04 08:00:00
26.96,20.62,1.83,0.0,2024-11-04 09:00:00
31.38,17.19,2.12,0.0,2024-11-04 10:00:00
33.36,15.5,2.15,0.0,2024-11-04 11:00:00
34.58,14.44,2.03,0.0,2024-11-04 12:00:00
35.32,13.75,1.76,0.0,2024-11-04 13:00:00
35.27,13.62,1.45,0.0,2024-11-04 14:00:00
34.57,14.25,1.27,0.0,2024-11-04 15:00:00
31.98,17.31,0.8,0.0,2024-11-04 16:00:00
28.59,20.81,1.16,0.0,2024-11-04 17:00:00
26.64,23.81,1.22,0.0,2024-11-04 18:00:00
25.48,26.19,1.22,0.0,2024-11-04 19:00:00
24.63,28.12,1.21,0.0,2024-11-04 20:00:00
24.03,29.62,1.21,0.0,2024-11-04 21:00:00
23.66,30.5,1.17,0.0,2024-11-04 22:00:00
23.33,31.31,1.13,0.0,2024-11-04 23:00:00
23.05,32.12,1.07,0.0,2024-11-05 00:00:00
22.56,33.25,1.03,0.0,2024-11-05 01:00:00
21.9,34.81,1.07,0.0,2024-11-05 02:00:00
20.9,37.0,1.13,0.0,2024-11-05 03:00:00
20.12,38.62,1.18,0.0,2024-11-05 04:00:00
19.62,39.44,1.24,0.0,2024-11-05 05:00:00
19.15,40.0,1.23,0.0,2024-11-05 06:00:00
20.25,36.88,1.23,0.0,2024-11-05 07:00:00
22.94,31.0,2.2,0.0,2024-11-05 08:00:00
25.72,26.5,1.49,0.0,2024-11-05 09:00:00
29.92,22.31,1.19,0.0,2024-11-05 10:00:00
32.2,20.62,1.18,0.0,2024-11-05 11:00:00
33.29,19.81,0.98,0.0,2024-11-05 12:00:00
33.9,19.44,0.89,0.0,2024-11-05 13:00:00
33.7,19.81,0.95,0.0,2024-11-05 14:00:00
33.1,20.56,1.07,0.0,2024-11-05 15:00:00
31.08,23.19,0.67,0.0,2024-11-05 16:00:00
29.56,25.25,0.68,0.0,2024-11-05 17:00:00
28.84,26.38,0.45,0.0,2024-11-05 18:00:00
28.63,26.75,0.27,0.0,2024-11-05 19:00:00
28.05,27.75,0.16,0.0,2024-11-05 20:00:00
27.37,28.88,0.23,0.0,2024-11-05 21:00:00
26.58,30.38,0.38,0.0,2024-11-05 22:00:00
25.37,32.75,0.64,0.0,2024-11-05 23:00:00
24.23,35.06,0.9,0.0,2024-11-06 00:00:00
23.05,37.69,1.04,0.0,2024-11-06 01:00:00
22.08,40.0,1.08,0.0,2024-11-06 02:00:00
21.23,42.12,1.07,0.0,2024-11-06 03:00:00
20.69,43.5,1.04,0.0,2024-11-06 04:00:00
20.26,44.62,0.99,0.0,2024-11-06 05:00:00
20.03,45.19,0.93,0.0,2024-11-06 06:00:00
20.67,43.38,0.7,0.0,2024-11-06 07:00:00
23.06,37.5,0.8,0.0,2024-11-06 08:00:00
26.16,31.12,0.41,0.0,2024-11-06 09:00:00
29.63,25.69,1.61,0.0,2024-11-06 10:00:00
31.65,23.19,1.95,0.0,2024-11-06 11:00:00
32.98,21.81,2.09,0.0,2024-11-06 12:00:00
33.73,21.19,2.11,0.0,2024-11-06 13:00:00
33.65,21.56,1.98,0.0,2024-11-06 14:00:00
33.01,22.75,1.75,0.0,2024-11-06 15:00:00
30.67,26.38,0.84,0.0,2024-11-06 16:00:00
27.8,31.5,1.01,0.0,2024-11-06 17:00:00
26.62,34.06,1.04,0.0,2024-11-06 18:00:00
26.01,35.62,1.0,0.0,2024-11-06 19:00:00
25.81,36.25,0.95,0.0,2024-11-06 20:00:00
25.55,36.88,0.87,0.0,2024-11-06 21:00:00
25.13,37.88,0.83,0.0,2024-11-06 22:00:00
24.61,39.12,0.8,0.0,2024-11-06 23:00:00
24.2,40.0,0.73,0.0,2024-11-07 00:00:00
23.72,41.25,0.69,0.0,2024-11-07 01:00:00
22.94,43.38,0.79,0.0,2024-11-07 02:00:00
21.94,46.25,0.94,0.0,2024-11-07 03:00:00
21.05,48.94,1.02,0.0,2024-11-07 04:00:00
20.37,51.25,1.04,0.0,2024-11-07 05:00:00
19.88,52.94,1.03,0.0,2024-11-07 06:00:00
20.5,51.12,0.91,0.0,2024-11-07 07:00:00
23.22,43.38,1.66,0.0,2024-11-07 08:00:00
26.29,36.25,1.05,0.0,2024-11-07 09:00:00
29.96,29.62,1.32,0.0,2024-11-07 10:00:00
31.6,27.06,1.32,0.0,2024-11-07 11:00:00
32.48,25.62,1.14,0.0,2024-11-07 12:00:00
33.04,24.75,1.06,0.0,2024-11-07 13:00:00
33.08,24.56,1.0,0.0,2024-11-07 14:00:00
32.62,25.12,1.0,0.0,2024-11-07 15:00:00
30.71,28.06,0.66,0.0,2024-11-07 16:00:00
28.92,31.19,0.78,0.0,2024-11-07 17:00:00
27.96,33.06,0.83,0.0,2024-11-07 18:00:00
27.23,34.69,0.89,0.0,2024-11-07 19:00:00
26.52,36.19,0.93,0.0,2024-11-07 20:00:00
25.93,37.5,0.92,0.0,2024-11-07 21:00:00
25.32,38.88,0.79,0.0,2024-11-07 22:00:00
25.3,38.81,0.66,0.0,2024-11-07 23:00:00
24.53,40.62,0.58,0.0,2024-11-08 00:00:00
23.5,43.0,0.77,0.0,2024-11-08 01:00:00
22.39,45.88,0.96,0.0,2024-11-08 02:00:00
21.47,48.38,1.05,0.0,2024-11-08 03:00:00
20.85,50.06,1.09,0.0,2024-11-08 04:00:00
20.54,50.94,1.09,0.0,2024-11-08 05:00:00
20.51,50.88,1.07,0.0,2024-11-08 06:00:00
21.36,48.31,0.89,0.0,2024-11-08 07:00:00
24.05,41.0,1.07,0.0,2024-11-08 08:00:00
26.94,35.19,0.39,0.0,2024-11-08 09:00:00
30.51,29.56,0.66,0.0,2024-11-08 10:00:00
32.54,26.0,0.86,0.0,2024-11-08 11:00:00
33.65,23.5,0.87,0.0,2024-11-08 12:00:00
34.08,22.12,0.77,0.0,2024-11-08 13:00:00
33.74,21.94,0.53,0.0,2024-11-08 14:00:00
33.05,22.44,0.25,0.0,2024-11-08 15:00:00
31.61,24.31,0.17,0.0,2024-11-08 16:00:00
30.02,26.69,0.18,0.0,2024-11-08 17:00:00
29.17,28.06,0.09,0.0,2024-11-08 18:00:00
28.55,29.25,0.21,0.0,2024-11-08 19:00:00
27.83,30.5,0.28,0.0,2024-11-08 20:00:00
27.2,31.62,0.2,0.0,2024-11-08 21:00:00
26.47,33.06,0.1,0.0,2024-11-08 22:00:00
25.42,35.25,0.42,0.0,2024-11-08 23:00:00
24.25,37.62,0.75,0.0,2024-11-09 00:00:00
22.87,40.81,0.98,0.0,2024-11-09 01:00:00
21.75,43.5,1.09,0.0,2024-11-09 02:00:00
20.82,45.81,1.12,0.0,2024-11-09 03:00:00
20.17,47.44,1.14,0.0,2024-11-09 04:00:00
19.68,48.62,1.15,0.0,2024-11-09 05:00:00
19.28,49.69,1.14,0.0,2024-11-09 06:00:00
20.12,47.19,1.03,0.0,2024-11-09 07:00:00
23.03,39.56,1.93,0.0,2024-11-09 08:00:00
25.8,34.19,1.16,0.0,2024-11-09 09:00:00
29.45,29.38,0.65,0.0,2024-11-09 10:00:00
30.86,27.25,0.61,0.0,2024-11-09 11:00:00
31.79,25.44,0.52,0.0,2024-11-09 12:00:00
32.29,24.31,0.47,0.0,2024-11-09 13:00:00
32.33,23.88,0.45,0.0,2024-11-09 14:00:00
31.88,24.25,0.55,0.0,2024-11-09 15:00:00
30.33,26.5,0.43,0.0,2024-11-09 16:00:00
28.38,29.88,0.56,0.0,2024-11-09 17:00:00
27.42,31.88,0.57,0.0,2024-11-09 18:00:00
26.74,33.38,0.64,0.0,2024-11-09 19:00:00
25.96,35.19,0.73,0.0,2024-11-09 20:00:00
25.59,36.06,0.74,0.0,2024-11-09 21:00:00
25.34,36.62,0.56,0.0,2024-11-09 22:00:00
24.74,37.94,0.45,0.0,2024-11-09 23:00:00
23.55,40.75,0.65,0.0,2024-11-10 00:00:00
22.45,43.56,0.91,0.0,2024-11-10 01:00:00
21.14,47.44,1.08,0.0,2024-11-10 02:00:00
20.08,51.06,1.13,0.0,2024-11-10 03:00:00
19.51,53.06,1.17,0.0,2024-11-10 04:00:00
19.13,54.5,1.18,0.0,2024-11-10 05:00:00
18.83,55.62,1.13,0.0,2024-11-10 06:00:00
19.93,52.06,0.96,0.0,2024-11-10 07:00:00
22.94,43.25,1.58,0.0,2024-11-10 08:00:00
26.36,37.19,0.46,0.0,2024-11-10 09:00:00
29.71,32.25,0.81,0.0,2024-11-10 10:00:00
31.12,29.06,0.96,0.0,2024-11-10 11:00:00
32.05,26.69,0.99,0.0,2024-11-10 12:00:00
32.55,25.19,0.88,0.0,2024-11-10 13:00:00
32.61,24.56,0.8,0.0,2024-11-10 14:00:00
32.09,24.81,0.79,0.0,2024-11-10 15:00:00
30.58,26.94,0.53,0.0,2024-11-10 16:00:00
28.49,30.75,0.58,0.0,2024-11-10 17:00:00
27.43,33.06,0.47,0.0,2024-11-10 18:00:00
27.09,33.88,0.28,0.0,2024-11-10 19:00:00
26.5,35.19,0.36,0.0,2024-11-10 20:00:00
25.71,36.88,0.59,0.0,2024-11-10 21:00:00
25.04,38.25,0.61,0.0,2024-11-10 22:00:00
24.49,39.44,0.47,0.0,2024-11-10 23:00:00
23.94,40.69,0.33,0.0,2024-11-11 00:00:00
22.97,43.12,0.52,0.0,2024-11-11 01:00:00
21.49,47.0,0.85,0.0,2024-11-11 02:00:00
20.05,51.25,1.05,0.0,2024-11-11 03:00:00
19.08,54.12,1.09,0.0,2024-11-11 04:00:00
18.62,55.5,1.16,0.0,2024-11-11 05:00:00
18.3,56.56,1.18,0.0,2024-11-11 06:00:00
19.58,52.44,1.43,0.0,2024-11-11 07:00:00
22.12,45.06,2.38,0.0,2024-11-11 08:00:00
25.45,38.19,1.83,0.0,2024-11-11 09:00:00
28.91,34.31,1.98,0.0,2024-11-11 10:00:00
30.45,31.62,2.0,0.0,2024-11-11 11:00:00
31.44,29.12,1.93,0.0,2024-11-11 12:00:00
31.87,27.5,1.83,0.0,2024-11-11 13:00:00
31.67,26.94,1.44,0.0,2024-11-11 14:00:00
31.04,27.44,0.92,0.0,2024-11-11 15:00:00
29.48,29.75,0.45,0.0,2024-11-11 16:00:00
26.87,34.94,0.91,0.0,2024-11-11 17:00:00
25.01,39.44,1.11,0.0,2024-11-11 18:00:00
23.97,42.12,1.18,0.0,2024-11-11 19:00:00
23.22,44.06,1.2,0.0,2024-11-11 20:00:00
22.48,46.0,1.2,0.0,2024-11-11 21:00:00
21.76,47.88,1.22,0.0,2024-11-11 22:00:00
21.07,49.62,1.26,0.0,2024-11-11 23:00:00
20.46,51.06,1.33,0.0,2024-11-12 00:00:00
19.89,52.25,1.42,0.0,2024-11-12 01:00:00
19.4,53.25,1.49,0.0,2024-11-12 02:00:00
19.0,54.12,1.55,0.0,2024-11-12 03:00:00
18.64,55.06,1.6,0.0,2024-11-12 04:00:00
18.28,56.38,1.61,0.0,2024-11-12 05:00:00
17.96,57.56,1.57,0.0,2024-11-12 06:00:00
19.13,53.62,1.83,0.0,2024-11-12 07:00:00
25.3,37.0,2.59,0.0,2024-11-12 09:00:00
28.86,30.75,1.75,0.0,2024-11-12 10:00:00
29.91,28.19,1.35,0.0,2024-11-12 11:00:00
30.65,25.69,1.26,0.0,2024-11-12 12:00:00
31.15,23.81,1.16,0.0,2024-11-12 13:00:00
31.08,22.94,1.05,0.0,2024-11-12 14:00:00
30.48,23.0,1.04,0.0,2024-11-12 15:00:00
28.53,25.38,0.7,0.0,2024-11-12 16:00:00
25.98,29.31,1.02,0.0,2024-11-12 17:00:00
24.7,31.31,1.09,0.0,2024-11-12 18:00:00
23.94,32.44,1.06,0.0,2024-11-12 19:00:00
23.05,33.88,1.07,0.0,2024-11-12 20:00:00
21.93,36.12,1.12,0.0,2024-11-12 21:00:00
20.91,38.31,1.13,0.0,2024-11-12 22:00:00
19.89,40.81,1.16,0.0,2024-11-12 23:00:00
19.09,42.81,1.25,0.0,2024-11-13 00:00:00
18.51,44.25,1.41,0.0,2024-11-13 01:00:00
18.07,45.44,1.61,0.0,2024-11-13 02:00:00
17.61,46.69,1.7,0.0,2024-11-13 03:00:00
17.11,47.88,1.63,0.0,2024-11-13 04:00:00
16.62,49.06,1.46,0.0,2024-11-13 05:00:00
16.26,50.06,1.26,0.0,2024-11-13 06:00:00
17.28,46.81,1.1,0.0,2024-11-13 07:00:00
20.08,39.12,1.97,0.0,2024-11-13 08:00:00
23.37,32.56,1.09,0.0,2024-11-13 09:00:00
27.12,27.62,1.46,0.0,2024-11-13 10:00:00
28.66,25.5,1.65,0.0,2024-11-13 11:00:00
29.4,24.12,1.55,0.0,2024-11-13 12:00:00
29.53,23.56,1.44,0.0,2024-11-13 13:00:00
29.32,23.62,1.37,0.0,2024-11-13 14:00:00
28.69,24.5,1.34,0.0,2024-11-13 15:00:00
26.63,28.06,0.72,0.0,2024-11-13 16:00:00
24.21,33.06,0.95,0.0,2024-11-13 17:00:00
23.19,35.75,0.99,0.0,2024-11-13 18:00:00
22.49,37.88,0.98,0.0,2024-11-13 19:00:00
22.02,39.44,0.98,0.0,2024-11-13 20:00:00
21.58,40.94,0.98,0.0,2024-11-13 21:00:00
20.98,42.81,0.99,0.0,2024-11-13 22:00:00
20.3,45.0,0.98,0.0,2024-11-13 23:00:00
19.98,46.12,0.91,0.0,2024-11-14 00:00:00
19.9,46.56,0.72,0.0,2024-11-14 01:00:00
19.65,47.5,0.52,0.0,2024-11-14 02:00:00
18.87,49.94,0.75,0.0,2024-11-14 03:00:00
17.82,53.38,0.97,0.0,2024-11-14 04:00:00
17.08,55.75,1.03,0.0,2024-11-14 05:00:00
16.83,56.44,1.05,0.0,2024-11-14 06:00:00
17.62,53.44,0.99,0.0,2024-11-14 07:00:00
20.26,45.25,1.96,0.0,2024-11-14 08:00:00
22.84,39.38,1.83,0.0,2024-11-14 09:00:00
26.61,33.81,2.37,0.0,2024-11-14 10:00:00
28.26,30.31,2.19,0.0,2024-11-14 11:00:00
29.18,27.94,1.84,0.0,2024-11-14 12:00:00
29.51,26.75,1.61,0.0,2024-11-14 13:00:00
29.3,26.81,1.33,0.0,2024-11-14 14:00:00
28.57,27.75,0.88,0.0,2024-11-14 15:00:00
27.02,30.38,0.42,0.0,2024-11-14 16:00:00
25.37,33.62,0.62,0.0,2024-11-14 17:00:00
23.87,36.94,0.75,0.0,2024-11-14 18:00:00
23.15,38.69,0.85,0.0,2024-11-14 19:00:00
22.53,40.12,0.86,0.0,2024-11-14 20:00:00
22.02,41.25,0.79,0.0,2024-11-14 21:00:00
22.0,41.25,0.72,0.0,2024-11-14 22:00:00
21.86,41.56,0.57,0.0,2024-11-14 23:00:00
21.46,42.44,0.47,0.0,2024-11-15 00:00:00
20.64,44.5,0.56,0.0,2024-11-15 01:00:00
19.94,46.38,0.78,0.0,2024-11-15 02:00:00
19.17,48.56,0.91,0.0,2024-11-15 03:00:00
18.52,50.5,1.0,0.0,2024-11-15 04:00:00
17.99,52.0,1.02,0.0,2024-11-15 05:00:00
17.65,53.0,1.03,0.0,2024-11-15 06:00:00
18.15,51.12,1.0,0.0,2024-11-15 07:00:00
21.02,42.69,2.0,0.0,2024-11-15 08:00:00
23.78,36.5,1.27,0.0,2024-11-15 09:00:00
27.09,30.69,1.23,0.0,2024-11-15 10:00:00
28.11,29.0,1.58,0.0,2024-11-15 11:00:00
28.78,27.94,1.84,0.0,2024-11-15 12:00:00
29.05,27.38,1.99,0.0,2024-11-15 13:00:00
28.69,27.56,1.83,0.0,2024-11-15 14:00:00
28.07,28.31,1.46,0.0,2024-11-15 15:00:00
25.85,32.19,0.79,0.0,2024-11-15 16:00:00
23.89,36.19,1.02,0.0,2024-11-15 17:00:00
22.98,38.25,1.13,0.0,2024-11-15 18:00:00
22.23,40.25,1.33,0.0,2024-11-15 19:00:00
21.87,41.69,1.69,0.0,2024-11-15 20:00:00
21.66,43.56,2.04,0.01,2024-11-15 21:00:00
21.4,46.0,2.0,0.01,2024-11-15 22:00:00
20.98,48.44,1.58,0.0,2024-11-15 23:00:00
20.25,50.88,1.22,0.0,2024-11-16 00:00:00
19.61,52.94,1.13,0.0,2024-11-16 01:00:00
18.79,56.0,1.12,0.0,2024-11-16 02:00:00
18.04,59.38,1.15,0.0,2024-11-16 03:00:00
17.25,63.31,1.21,0.0,2024-11-16 04:00:00
16.56,67.19,1.24,0.0,2024-11-16 05:00:00
15.98,70.5,1.23,0.0,2024-11-16 06:00:00
16.59,68.38,1.42,0.0,2024-11-16 07:00:00
18.83,59.62,2.3,0.0,2024-11-16 08:00:00
22.24,45.81,1.45,0.0,2024-11-16 09:00:00
25.62,33.25,1.39,0.0,2024-11-16 10:00:00
27.36,28.88,1.68,0.0,2024-11-16 11:00:00
28.35,26.75,1.71,0.0,2024-11-16 12:00:00
28.78,25.62,1.54,0.0,2024-11-16 13:00:00
28.16,26.19,1.29,0.0,2024-11-16 14:00:00
27.49,27.06,1.07,0.0,2024-11-16 15:00:00
25.77,29.88,0.67,0.0,2024-11-16 16:00:00
23.8,33.56,0.94,0.0,2024-11-16 17:00:00
22.26,36.5,1.09,0.0,2024-11-16 18:00:00
20.93,39.19,1.17,0.0,2024-11-16 19:00:00
20.07,40.81,1.31,0.0,2024-11-16 20:00:00
19.35,42.31,1.43,0.0,2024-11-16 21:00:00
18.66,44.0,1.5,0.0,2024-11-16 22:00:00
18.01,46.12,1.51,0.0,2024-11-16 23:00:00
17.39,48.56,1.53,0.0,2024-11-17 00:00:00
16.83,51.06,1.52,0.0,2024-11-17 01:00:00
16.33,53.25,1.53,0.0,2024-11-17 02:00:00
15.93,55.19,1.58,0.0,2024-11-17 03:00:00
15.55,56.81,1.63,0.0,2024-11-17 04:00:00
